,index,Date,Max Dry Bulb Temperature (F),Min Dry Bulb Temperature (F),Mean Dry Bulb Temperature (F),Total Dry Bulb Temperature (F),Max Wind Speed,Min Wind Speed,Mean Wind Speed,Total Wind Speed,Max Relative Humidity,Min Relative Humidity,Mean Relative Humidity,Total Relative Humidity,Max Snow Depth,Min Snow Depth,Mean Snow Depth,Total Snow Depth,Max Liquid Precipitation Depth,Min Liquid Precipitation Depth,Mean Liquid Precipitation Depth,Total Liquid Precipitation Depth,Max Liquid Precipitation Rate,Min Liquid Precipitation Rate,Mean Liquid Precipitation Rate,Total Liquid Precipitation Rate
0,0,01/01,75.2,75.2,66.75500000000001,1602.1200000000001,10.3,10.3,5.550000000000001,133.20000000000002,82,82,56.791666666666664,1363,899,899,899,21576,0.0,0.0,0.0,0.0,0.0,0.0,0.0,0.0
1,24,01/02,74.84,74.84,67.42249999999999,1618.1399999999996,8.8,8.8,5.704166666666666,136.89999999999998,81,81,57.75,1386,899,899,899,21576,0.0,0.0,0.0,0.0,0.0,0.0,0.0,0.0
2,48,01/03,77.0,77.0,67.25750000000001,1614.1800000000003,10.3,10.3,4.379166666666667,105.10000000000001,72,72,52.458333333333336,1259,899,899,899,21576,0.0,0.0,0.0,0.0,0.0,0.0,0.0,0.0
3,72,01/04,76.28,76.28,66.4775,1595.4600000000003,5.1,5.1,3.5374999999999996,84.89999999999999,87,87,58.625,1407,899,899,899,21576,0.0,0.0,0.0,0.0,0.0,0.0,0.0,0.0
4,96,01/05,80.6,80.6,69.48500000000001,1667.6400000000003,8.8,8.8,4.145833333333333,99.5,74,74,53.208333333333336,1277,899,899,899,21576,0.0,0.0,0.0,0.0,0.0,0.0,0.0,0.0
5,120,01/06,80.6,80.6,69.215,1661.16,8.3,8.3,5.162499999999998,123.89999999999995,81,81,55.041666666666664,1321,899,899,899,21576,0.0,0.0,0.0,0.0,0.0,0.0,0.0,0.0
6,144,01/07,75.92,75.92,65.225,1565.3999999999999,5.1,5.1,4.324999999999999,103.79999999999998,86,86,70.33333333333333,1688,899,899,899,21576,0.0,0.0,0.0,0.0,0.0,0.0,0.0,0.0
7,168,01/08,80.6,80.6,68.97499999999998,1655.3999999999994,8.2,8.2,3.545833333333334,85.10000000000001,91,91,64.33333333333333,1544,899,899,899,21576,0.0,0.0,0.0,0.0,0.0,0.0,0.0,0.0
8,192,01/09,74.12,74.12,64.6175,1550.8200000000002,4.1,4.1,2.4125,57.900000000000006,90,90,78.04166666666667,1873,899,899,899,21576,0.0,0.0,0.0,0.0,0.0,0.0,0.0,0.0
9,216,01/10,77.0,77.0,68.99000000000001,1655.7600000000002,7.7,7.7,3.3791666666666664,81.1,95,95,66.79166666666667,1603,899,899,899,21576,0.0,0.0,0.0,0.0,0.0,0.0,0.0,0.0
10,240,01/11,79.16,79.16,69.365,1664.76,7.8,7.8,3.9375,94.5,99,99,65.83333333333333,1580,899,899,899,21576,0.0,0.0,0.0,0.0,0.0,0.0,0.0,0.0
11,264,01/12,77.0,77.0,68.01500000000001,1632.3600000000004,5.1,5.1,1.8375000000000004,44.10000000000001,85,85,72.0,1728,899,899,899,21576,0.0,0.0,0.0,0.0,0.0,0.0,0.0,0.0
12,288,01/13,80.6,80.6,68.255,1638.12,10.3,10.3,2.225,53.400000000000006,100,100,70.41666666666667,1690,899,899,899,21576,0.0,0.0,0.0,0.0,0.0,0.0,0.0,0.0
13,312,01/14,78.08000000000001,78.08000000000001,68.3825,1641.1799999999998,9.4,9.4,4.799999999999998,115.19999999999996,93,93,69.66666666666667,1672,899,899,899,21576,0.0,0.0,0.0,0.0,0.0,0.0,0.0,0.0
14,336,01/15,82.22,82.22,68.03750000000001,1632.9,7.8,7.8,3.4374999999999996,82.49999999999999,84,84,55.75,1338,899,899,899,21576,0.0,0.0,0.0,0.0,0.0,0.0,0.0,0.0
15,360,01/16,77.9,77.9,67.65500000000002,1623.7200000000003,6.3,6.3,3.6166666666666667,86.8,85,85,52.208333333333336,1253,899,899,899,21576,0.0,0.0,0.0,0.0,0.0,0.0,0.0,0.0
16,384,01/17,75.56,75.56,67.3025,1615.26,8.2,8.2,5.770833333333333,138.5,78,78,59.291666666666664,1423,899,899,899,21576,0.0,0.0,0.0,0.0,0.0,0.0,0.0,0.0
17,408,01/18,77.53999999999999,77.53999999999999,66.9275,1606.2599999999998,9.4,9.4,4.954166666666667,118.89999999999999,89,89,69.83333333333333,1676,899,899,899,21576,0.0,0.0,0.0,0.0,0.0,0.0,0.0,0.0
18,432,01/19,78.08000000000001,78.08000000000001,69.0125,1656.3,7.3,7.3,4.449999999999999,106.79999999999998,89,89,61.791666666666664,1483,899,899,899,21576,0.0,0.0,0.0,0.0,0.0,0.0,0.0,0.0
19,456,01/20,80.6,80.6,70.0025,1680.06,13.9,13.9,5.566666666666667,133.60000000000002,90,90,56.125,1347,899,899,899,21576,0.0,0.0,0.0,0.0,0.0,0.0,0.0,0.0
20,480,01/21,78.80000000000001,78.80000000000001,70.82749999999999,1699.8599999999997,14.0,14.0,6.754166666666667,162.10000000000002,86,86,55.333333333333336,1328,899,899,899,21576,0.0,0.0,0.0,0.0,0.0,0.0,0.0,0.0
21,504,01/22,77.9,77.9,68.00750000000001,1632.1800000000003,11.1,11.1,5.429166666666667,130.3,93,93,66.29166666666667,1591,899,899,899,21576,0.0,0.0,0.0,0.0,0.0,0.0,0.0,0.0
22,528,01/23,77.36,77.36,67.6025,1622.4600000000003,10.4,10.4,4.9125,117.89999999999999,96,96,64.04166666666667,1537,899,899,899,21576,0.0,0.0,0.0,0.0,0.0,0.0,0.0,0.0
23,552,01/24,76.64,76.64,65.4425,1570.62,9.4,9.4,5.795833333333333,139.1,97,97,63.833333333333336,1532,899,899,899,21576,0.0,0.0,0.0,0.0,0.0,0.0,0.0,0.0
24,576,01/25,78.80000000000001,78.80000000000001,65.69000000000001,1576.5600000000002,7.8,7.8,4.020833333333332,96.49999999999997,92,92,57.708333333333336,1385,899,899,899,21576,0.0,0.0,0.0,0.0,0.0,0.0,0.0,0.0
25,600,01/26,81.68,81.68,68.4575,1642.9799999999998,25.1,25.1,7.033333333333334,168.8,80,80,48.5,1164,899,899,899,21576,0.0,0.0,0.0,0.0,0.0,0.0,0.0,0.0
26,624,01/27,80.6,80.6,68.70500000000003,1648.9200000000005,8.3,8.3,5.337500000000001,128.10000000000002,86,86,53.083333333333336,1274,899,899,899,21576,0.0,0.0,0.0,0.0,0.0,0.0,0.0,0.0
27,648,01/28,80.78,80.78,70.27999999999999,1686.7199999999998,7.3,7.3,4.545833333333333,109.1,84,84,52.125,1251,899,899,899,21576,0.0,0.0,0.0,0.0,0.0,0.0,0.0,0.0
28,672,01/29,81.86,81.86,70.8125,1699.5,7.8,7.8,4.354166666666666,104.49999999999999,79,79,51.666666666666664,1240,899,899,899,21576,0.0,0.0,0.0,0.0,0.0,0.0,0.0,0.0
29,696,01/30,81.68,81.68,69.29,1662.96,6.8,6.8,4.383333333333334,105.2,87,87,53.875,1293,899,899,899,21576,0.0,0.0,0.0,0.0,0.0,0.0,0.0,0.0
30,720,01/31,78.80000000000001,78.80000000000001,68.27,1638.4799999999998,9.4,9.4,4.745833333333334,113.9,77,77,57.625,1383,899,899,899,21576,0.0,0.0,0.0,0.0,0.0,0.0,0.0,0.0
31,744,02/01,85.46000000000001,85.46000000000001,68.64500000000001,1647.4800000000002,12.8,12.8,5.929166666666666,142.29999999999998,76,76,42.5,1020,899,899,899,21576,0.0,0.0,0.0,0.0,0.0,0.0,0.0,0.0
32,768,02/02,84.02,84.02,68.41250000000001,1641.9,13.5,13.5,6.2250000000000005,149.4,80,80,46.625,1119,899,899,899,21576,0.0,0.0,0.0,0.0,0.0,0.0,0.0,0.0
33,792,02/03,82.75999999999999,82.75999999999999,69.60499999999999,1670.5199999999998,10.8,10.8,6.016666666666666,144.39999999999998,74,74,47.875,1149,899,899,899,21576,0.0,0.0,0.0,0.0,0.0,0.0,0.0,0.0
34,816,02/04,82.94,82.94,69.2825,1662.78,12.3,12.3,6.920833333333332,166.09999999999997,82,82,51.791666666666664,1243,899,899,899,21576,0.0,0.0,0.0,0.0,0.0,0.0,0.0,0.0
35,840,02/05,80.6,80.6,68.7725,1650.5399999999997,11.8,11.8,6.258333333333333,150.2,77,77,50.208333333333336,1205,899,899,899,21576,0.0,0.0,0.0,0.0,0.0,0.0,0.0,0.0
36,864,02/06,79.88,79.88,67.90999999999998,1629.8399999999997,11.8,11.8,5.999999999999999,143.99999999999997,76,76,52.791666666666664,1267,899,899,899,21576,0.0,0.0,0.0,0.0,0.0,0.0,0.0,0.0
37,888,02/07,82.4,82.4,69.88999999999999,1677.3599999999997,9.7,9.7,6.020833333333332,144.49999999999997,80,80,54.5,1308,899,899,899,21576,0.0,0.0,0.0,0.0,0.0,0.0,0.0,0.0
38,912,02/08,80.6,80.6,70.865,1700.76,10.2,10.2,6.154166666666668,147.70000000000002,86,86,56.125,1347,899,899,899,21576,0.0,0.0,0.0,0.0,0.0,0.0,0.0,0.0
39,936,02/09,82.4,82.4,68.8625,1652.7,13.5,13.5,6.175000000000002,148.20000000000005,92,92,54.083333333333336,1298,899,899,899,21576,0.0,0.0,0.0,0.0,0.0,0.0,0.0,0.0
40,960,02/10,78.80000000000001,78.80000000000001,66.91250000000001,1605.9,42.1,42.1,14.574999999999998,349.79999999999995,80,80,56.625,1359,899,899,899,21576,0.0,0.0,0.0,0.0,0.0,0.0,0.0,0.0
41,984,02/11,66.2,66.2,62.18749999999999,1492.4999999999998,7.5,7.5,3.425000000000001,82.20000000000003,98,98,87.0,2088,899,899,899,21576,0.0,0.0,0.0,0.0,0.0,0.0,0.0,0.0
42,1008,02/12,78.80000000000001,78.80000000000001,66.35000000000001,1592.4000000000003,10.8,10.8,5.079166666666667,121.9,98,98,74.83333333333333,1796,899,899,899,21576,0.0,0.0,0.0,0.0,0.0,0.0,0.0,0.0
43,1032,02/13,75.2,75.2,65.8475,1580.34,5.1,5.1,2.254166666666667,54.1,93,93,77.41666666666667,1858,899,899,899,21576,0.0,0.0,0.0,0.0,0.0,0.0,0.0,0.0
44,1056,02/14,80.6,80.6,69.89000000000003,1677.3600000000006,5.1,5.1,3.0166666666666675,72.40000000000002,89,89,61.416666666666664,1474,899,899,899,21576,0.0,0.0,0.0,0.0,0.0,0.0,0.0,0.0
45,1080,02/15,80.6,80.6,70.37749999999998,1689.0599999999997,10.3,10.3,4.6125,110.69999999999999,94,94,55.541666666666664,1333,899,899,899,21576,0.0,0.0,0.0,0.0,0.0,0.0,0.0,0.0
46,1104,02/16,82.03999999999999,82.03999999999999,70.52,1692.48,8.5,8.5,3.8791666666666664,93.1,92,92,56.25,1350,899,899,899,21576,0.0,0.0,0.0,0.0,0.0,0.0,0.0,0.0
47,1128,02/17,82.03999999999999,82.03999999999999,70.78999999999999,1698.9599999999998,7.5,7.5,2.9874999999999994,71.69999999999999,85,85,60.666666666666664,1456,899,899,899,21576,0.0,0.0,0.0,0.0,0.0,0.0,0.0,0.0
48,1152,02/18,73.4,73.4,66.05749999999999,1585.3799999999999,6.7,6.7,2.795833333333333,67.1,100,100,79.75,1914,899,899,899,21576,0.0,0.0,0.0,0.0,0.0,0.0,0.0,0.0
49,1176,02/19,77.0,77.0,68.48750000000001,1643.7000000000003,7.2,7.2,3.9500000000000006,94.80000000000001,94,94,73.20833333333333,1757,899,899,899,21576,0.0,0.0,0.0,0.0,0.0,0.0,0.0,0.0
50,1200,02/20,75.2,75.2,68.36000000000001,1640.6400000000003,6.7,6.7,4.391666666666665,105.39999999999996,68,68,59.625,1431,899,899,899,21576,0.0,0.0,0.0,0.0,0.0,0.0,0.0,0.0
51,1224,02/21,78.80000000000001,78.80000000000001,69.0875,1658.1000000000001,7.5,7.5,4.9875,119.69999999999999,80,80,44.208333333333336,1061,899,899,899,21576,0.0,0.0,0.0,0.0,0.0,0.0,0.0,0.0
52,1248,02/22,80.6,80.6,66.6125,1598.7,6.5,6.5,4.270833333333333,102.5,80,80,54.875,1317,899,899,899,21576,0.0,0.0,0.0,0.0,0.0,0.0,0.0,0.0
53,1272,02/23,80.6,80.6,67.72250000000001,1625.3400000000001,8.0,8.0,5.166666666666667,124.0,70,70,53.583333333333336,1286,899,899,899,21576,0.0,0.0,0.0,0.0,0.0,0.0,0.0,0.0
54,1296,02/24,80.6,80.6,66.87500000000001,1605.0000000000002,9.7,9.7,6.3,151.2,100,100,58.25,1398,899,899,899,21576,0.0,0.0,0.0,0.0,0.0,0.0,0.0,0.0
55,1320,02/25,80.6,80.6,69.02,1656.48,6.5,6.5,4.225,101.39999999999999,75,75,49.583333333333336,1190,899,899,899,21576,0.0,0.0,0.0,0.0,0.0,0.0,0.0,0.0
56,1344,02/26,82.4,82.4,70.46750000000002,1691.2200000000003,5.3,5.3,4.1083333333333325,98.59999999999998,88,88,48.625,1167,899,899,899,21576,0.0,0.0,0.0,0.0,0.0,0.0,0.0,0.0
57,1368,02/27,84.56,84.56,73.955,1774.92,6.4,6.4,4.420833333333333,106.10000000000001,70,70,34.833333333333336,836,899,899,899,21576,0.0,0.0,0.0,0.0,0.0,0.0,0.0,0.0
58,1392,02/28,85.46000000000001,85.46000000000001,71.75000000000001,1722.0000000000005,9.7,9.7,4.779166666666666,114.69999999999999,86,86,48.208333333333336,1157,899,899,899,21576,0.0,0.0,0.0,0.0,0.0,0.0,0.0,0.0
59,1416,03/01,84.2,84.2,71.74999999999999,1721.9999999999998,9.7,9.7,5.491666666666667,131.8,84,84,55.625,1335,899,899,899,21576,0.0,0.0,0.0,0.0,0.0,0.0,0.0,0.0
60,1440,03/02,82.58000000000001,82.58000000000001,70.43749999999999,1690.4999999999998,10.7,10.7,4.366666666666667,104.80000000000001,79,79,58.375,1401,899,899,899,21576,0.0,0.0,0.0,0.0,0.0,0.0,0.0,0.0
61,1464,03/03,83.84,83.84,70.9325,1702.38,6.7,6.7,4.833333333333332,115.99999999999997,91,91,51.291666666666664,1231,899,899,899,21576,0.0,0.0,0.0,0.0,0.0,0.0,0.0,0.0
62,1488,03/04,84.56,84.56,73.355,1760.52,6.8,6.8,4.154166666666666,99.69999999999999,62,62,42.5,1020,899,899,899,21576,0.0,0.0,0.0,0.0,0.0,0.0,0.0,0.0
63,1512,03/05,84.02,84.02,73.265,1758.3600000000001,9.0,9.0,5.754166666666666,138.1,64,64,42.375,1017,899,899,899,21576,0.0,0.0,0.0,0.0,0.0,0.0,0.0,0.0
64,1536,03/06,81.32,81.32,69.9425,1678.62,13.5,13.5,5.8125,139.5,80,80,52.916666666666664,1270,899,899,899,21576,0.0,0.0,0.0,0.0,0.0,0.0,0.0,0.0
65,1560,03/07,80.6,80.6,70.43000000000002,1690.3200000000004,12.4,12.4,7.262500000000002,174.30000000000004,100,100,56.458333333333336,1355,899,899,899,21576,0.0,0.0,0.0,0.0,0.0,0.0,0.0,0.0
66,1584,03/08,80.6,80.6,70.3625,1688.7,12.9,12.9,6.137500000000002,147.30000000000004,82,82,52.0,1248,899,899,899,21576,0.0,0.0,0.0,0.0,0.0,0.0,0.0,0.0
67,1608,03/09,80.6,80.6,68.21749999999999,1637.2199999999998,7.7,7.7,4.1916666666666655,100.59999999999998,88,88,54.416666666666664,1306,899,899,899,21576,0.0,0.0,0.0,0.0,0.0,0.0,0.0,0.0
68,1632,03/10,81.68,81.68,69.80000000000003,1675.2000000000005,11.3,11.3,6.075,145.8,80,80,51.125,1227,899,899,899,21576,0.0,0.0,0.0,0.0,0.0,0.0,0.0,0.0
69,1656,03/11,79.34,79.34,67.8575,1628.58,10.7,10.7,6.0,144.0,94,94,56.25,1350,899,899,899,21576,0.0,0.0,0.0,0.0,0.0,0.0,0.0,0.0
70,1680,03/12,80.42,80.42,67.325,1615.8,12.9,12.9,6.470833333333334,155.3,95,95,57.291666666666664,1375,899,899,899,21576,0.0,0.0,0.0,0.0,0.0,0.0,0.0,0.0
71,1704,03/13,78.98,78.98,69.32000000000001,1663.68,14.1,14.1,8.154166666666667,195.7,78,78,53.125,1275,899,899,899,21576,0.0,0.0,0.0,0.0,0.0,0.0,0.0,0.0
72,1728,03/14,78.62,78.62,67.50500000000001,1620.1200000000001,9.0,9.0,5.866666666666667,140.8,86,86,64.29166666666667,1543,899,899,899,21576,0.0,0.0,0.0,0.0,0.0,0.0,0.0,0.0
73,1752,03/15,81.32,81.32,71.495,1715.88,12.4,12.4,6.333333333333333,152.0,89,89,57.958333333333336,1391,899,899,899,21576,0.0,0.0,0.0,0.0,0.0,0.0,0.0,0.0
74,1776,03/16,80.42,80.42,70.63250000000001,1695.18,11.3,11.3,5.158333333333332,123.79999999999998,96,96,59.0,1416,899,899,899,21576,0.0,0.0,0.0,0.0,0.0,0.0,0.0,0.0
75,1800,03/17,75.38,75.38,66.485,1595.64,12.4,12.4,7.837500000000002,188.10000000000005,89,89,73.75,1770,899,899,899,21576,0.0,0.0,0.0,0.0,0.0,0.0,0.0,0.0
76,1824,03/18,77.53999999999999,77.53999999999999,67.9475,1630.74,14.1,14.1,8.975,215.4,96,96,65.41666666666667,1570,899,899,899,21576,0.0,0.0,0.0,0.0,0.0,0.0,0.0,0.0
77,1848,03/19,75.02,75.02,66.2,1588.8000000000002,9.5,9.5,6.433333333333333,154.39999999999998,94,94,63.583333333333336,1526,899,899,899,21576,0.0,0.0,0.0,0.0,0.0,0.0,0.0,0.0
78,1872,03/20,77.72,77.72,67.895,1629.48,11.8,11.8,5.941666666666666,142.6,94,94,56.958333333333336,1367,899,899,899,21576,0.0,0.0,0.0,0.0,0.0,0.0,0.0,0.0
79,1896,03/21,78.62,78.62,68.90750000000001,1653.7800000000002,17.5,17.5,8.2875,198.9,81,81,58.583333333333336,1406,899,899,899,21576,0.0,0.0,0.0,0.0,0.0,0.0,0.0,0.0
80,1920,03/22,76.82,76.82,68.2175,1637.22,8.1,8.1,6.154166666666668,147.70000000000002,75,75,54.0,1296,899,899,899,21576,0.0,0.0,0.0,0.0,0.0,0.0,0.0,0.0
81,1944,03/23,81.86,81.86,70.65499999999999,1695.7199999999996,10.3,10.3,5.687499999999999,136.49999999999997,90,90,64.625,1551,899,899,899,21576,0.0,0.0,0.0,0.0,0.0,0.0,0.0,0.0
82,1968,03/24,80.24000000000001,80.24000000000001,69.7475,1673.94,8.2,8.2,5.629166666666666,135.1,94,94,69.54166666666667,1669,899,899,899,21576,0.0,0.0,0.0,0.0,0.0,0.0,0.0,0.0
83,1992,03/25,77.18,77.18,69.11,1658.6399999999999,8.7,8.7,3.9374999999999996,94.49999999999999,94,94,68.91666666666667,1654,899,899,899,21576,0.0,0.0,0.0,0.0,0.0,0.0,0.0,0.0
84,2016,03/26,76.82,76.82,68.33749999999999,1640.1,5.2,5.2,3.4666666666666663,83.19999999999999,92,92,64.79166666666667,1555,899,899,899,21576,0.0,0.0,0.0,0.0,0.0,0.0,0.0,0.0
85,2040,03/27,76.82,76.82,67.8575,1628.58,7.3,7.3,6.3875,153.3,86,86,64.29166666666667,1543,899,899,899,21576,0.0,0.0,0.0,0.0,0.0,0.0,0.0,0.0
86,2064,03/28,80.42,80.42,70.06250000000001,1681.5000000000002,11.3,11.3,4.741666666666666,113.8,92,92,61.875,1485,899,899,899,21576,0.0,0.0,0.0,0.0,0.0,0.0,0.0,0.0
87,2088,03/29,75.02,75.02,65.0825,1561.98,7.9,7.9,5.345833333333332,128.29999999999998,92,92,75.58333333333333,1814,899,899,899,21576,0.0,0.0,0.0,0.0,0.0,0.0,0.0,0.0
88,2112,03/30,73.22,73.22,64.175,1540.1999999999998,9.0,9.0,3.9249999999999994,94.19999999999999,98,98,83.91666666666667,2014,899,899,899,21576,0.0,0.0,0.0,0.0,0.0,0.0,0.0,0.0
89,2136,03/31,73.22,73.22,64.79,1554.96,7.9,7.9,3.7916666666666665,91.0,98,98,83.5,2004,899,899,899,21576,0.0,0.0,0.0,0.0,0.0,0.0,0.0,0.0
90,2160,04/01,76.1,76.1,66.6875,1600.5,4.2,4.2,2.4208333333333334,58.1,91,91,81.41666666666667,1954,899,899,899,21576,0.0,0.0,0.0,0.0,0.0,0.0,0.0,0.0
91,2184,04/02,76.64,76.64,67.79749999999999,1627.1399999999996,7.9,7.9,3.079166666666666,73.89999999999999,93,93,74.58333333333333,1790,899,899,899,21576,0.0,0.0,0.0,0.0,0.0,0.0,0.0,0.0
92,2208,04/03,76.64,76.64,66.815,1603.56,7.9,7.9,4.145833333333333,99.5,93,93,79.875,1917,899,899,899,21576,0.0,0.0,0.0,0.0,0.0,0.0,0.0,0.0
93,2232,04/04,76.64,76.64,67.865,1628.76,6.4,6.4,2.65,63.6,93,93,75.70833333333333,1817,899,899,899,21576,0.0,0.0,0.0,0.0,0.0,0.0,0.0,0.0
94,2256,04/05,73.22,73.22,66.4175,1594.0200000000002,4.2,4.2,2.5875,62.1,96,96,81.45833333333333,1955,899,899,899,21576,0.0,0.0,0.0,0.0,0.0,0.0,0.0,0.0
95,2280,04/06,75.74000000000001,75.74000000000001,66.7025,1600.8600000000001,7.9,7.9,3.5,84.0,96,96,80.20833333333333,1925,899,899,899,21576,0.0,0.0,0.0,0.0,0.0,0.0,0.0,0.0
96,2304,04/07,77.53999999999999,77.53999999999999,67.74499999999999,1625.8799999999997,6.4,6.4,2.333333333333333,55.99999999999999,94,94,75.0,1800,899,899,899,21576,0.0,0.0,0.0,0.0,0.0,0.0,0.0,0.0
97,2328,04/08,74.84,74.84,68.8325,1651.98,7.7,7.7,3.745833333333333,89.89999999999999,94,94,76.20833333333333,1829,899,899,899,21576,0.0,0.0,0.0,0.0,0.0,0.0,0.0,0.0
98,2352,04/09,76.46000000000001,76.46000000000001,67.0925,1610.22,6.4,6.4,4.112500000000001,98.70000000000002,94,94,75.95833333333333,1823,899,899,899,21576,0.0,0.0,0.0,0.0,0.0,0.0,0.0,0.0
99,2376,04/10,74.84,74.84,66.17750000000001,1588.2600000000002,6.9,6.9,2.7125,65.1,96,96,82.625,1983,899,899,899,21576,0.0,0.0,0.0,0.0,0.0,0.0,0.0,0.0
100,2400,04/11,75.2,75.2,67.7675,1626.42,7.1,7.1,5.099999999999999,122.39999999999998,93,93,72.91666666666667,1750,899,899,899,21576,0.0,0.0,0.0,0.0,0.0,0.0,0.0,0.0
101,2424,04/12,75.92,75.92,67.53500000000001,1620.8400000000004,9.6,9.6,5.308333333333334,127.4,97,97,70.79166666666667,1699,899,899,899,21576,0.0,0.0,0.0,0.0,0.0,0.0,0.0,0.0
102,2448,04/13,76.28,76.28,66.08,1585.92,5.2,5.2,1.979166666666667,47.50000000000001,100,100,73.58333333333333,1766,899,899,899,21576,0.0,0.0,0.0,0.0,0.0,0.0,0.0,0.0
103,2472,04/14,71.6,71.6,65.87,1580.88,5.1,5.1,2.5833333333333335,62.00000000000001,96,96,75.0,1800,899,899,899,21576,0.0,0.0,0.0,0.0,0.0,0.0,0.0,0.0
104,2496,04/15,75.74000000000001,75.74000000000001,66.35749999999999,1592.5799999999997,3.7,3.7,2.1625,51.9,95,95,75.58333333333333,1814,899,899,899,21576,0.0,0.0,0.0,0.0,0.0,0.0,0.0,0.0
105,2520,04/16,75.2,75.2,66.8225,1603.7400000000002,6.7,6.7,1.5125,36.3,94,94,76.66666666666667,1840,899,899,899,21576,0.0,0.0,0.0,0.0,0.0,0.0,0.0,0.0
106,2544,04/17,74.84,74.84,67.16,1611.84,7.9,7.9,3.112499999999999,74.69999999999997,97,97,80.125,1923,899,899,899,21576,0.0,0.0,0.0,0.0,0.0,0.0,0.0,0.0
107,2568,04/18,73.03999999999999,73.03999999999999,67.19,1612.56,7.9,7.9,4.329166666666667,103.89999999999999,93,93,78.70833333333333,1889,899,899,899,21576,0.0,0.0,0.0,0.0,0.0,0.0,0.0,0.0
108,2592,04/19,77.0,77.0,67.19,1612.56,5.9,5.9,3.391666666666666,81.39999999999999,96,96,76.20833333333333,1829,899,899,899,21576,0.0,0.0,0.0,0.0,0.0,0.0,0.0,0.0
109,2616,04/20,77.0,77.0,67.715,1625.16,5.2,5.2,2.75,66.0,99,99,79.25,1902,899,899,899,21576,0.0,0.0,0.0,0.0,0.0,0.0,0.0,0.0
110,2640,04/21,71.6,71.6,65.69000000000001,1576.5600000000004,10.3,10.3,4.2333333333333325,101.59999999999998,96,96,81.33333333333333,1952,899,899,899,21576,0.0,0.0,0.0,0.0,0.0,0.0,0.0,0.0
111,2664,04/22,72.5,72.5,64.415,1545.96,8.2,8.2,3.9583333333333326,94.99999999999999,86,86,74.91666666666667,1798,899,899,899,21576,0.0,0.0,0.0,0.0,0.0,0.0,0.0,0.0
112,2688,04/23,73.4,73.4,65.35250000000002,1568.4600000000005,6.2,6.2,3.1333333333333333,75.2,100,100,79.875,1917,899,899,899,21576,0.0,0.0,0.0,0.0,0.0,0.0,0.0,0.0
113,2712,04/24,70.34,70.34,64.90249999999999,1557.6599999999996,4.3,4.3,3.141666666666667,75.4,92,92,78.04166666666667,1873,899,899,899,21576,0.0,0.0,0.0,0.0,0.0,0.0,0.0,0.0
114,2736,04/25,73.4,73.4,67.9025,1629.66,6.7,6.7,3.5500000000000003,85.2,93,93,62.375,1497,899,899,899,21576,0.0,0.0,0.0,0.0,0.0,0.0,0.0,0.0
115,2760,04/26,73.4,73.4,65.18750000000001,1564.5000000000005,10.3,10.3,3.0958333333333337,74.30000000000001,96,96,76.5,1836,899,899,899,21576,0.0,0.0,0.0,0.0,0.0,0.0,0.0,0.0
116,2784,04/27,70.34,70.34,63.8375,1532.1,3.7,3.7,2.1041666666666665,50.5,97,97,77.29166666666667,1855,899,899,899,21576,0.0,0.0,0.0,0.0,0.0,0.0,0.0,0.0
117,2808,04/28,78.08000000000001,78.08000000000001,65.99750000000002,1583.9400000000005,5.1,5.1,1.866666666666667,44.800000000000004,99,99,77.41666666666667,1858,899,899,899,21576,0.0,0.0,0.0,0.0,0.0,0.0,0.0,0.0
118,2832,04/29,77.53999999999999,77.53999999999999,66.43249999999999,1594.3799999999999,4.2,4.2,2.5541666666666667,61.300000000000004,96,96,80.29166666666667,1927,899,899,899,21576,0.0,0.0,0.0,0.0,0.0,0.0,0.0,0.0
119,2856,04/30,71.24000000000001,71.24000000000001,63.882500000000014,1533.1800000000003,4.7,4.7,2.0208333333333335,48.5,96,96,85.79166666666667,2059,899,899,899,21576,0.0,0.0,0.0,0.0,0.0,0.0,0.0,0.0
120,2880,05/01,71.6,71.6,65.74249999999999,1577.82,10.9,10.9,3.5958333333333337,86.30000000000001,91,91,81.29166666666667,1951,899,899,899,21576,0.0,0.0,0.0,0.0,0.0,0.0,0.0,0.0
121,2904,05/02,69.80000000000001,69.80000000000001,63.86750000000001,1532.8200000000002,7.2,7.2,2.795833333333334,67.10000000000001,100,100,92.45833333333333,2219,899,899,899,21576,0.0,0.0,0.0,0.0,0.0,0.0,0.0,0.0
122,2928,05/03,73.22,73.22,66.1025,1586.46,3.9,3.9,1.970833333333333,47.29999999999999,100,100,82.04166666666667,1969,899,899,899,21576,0.0,0.0,0.0,0.0,0.0,0.0,0.0,0.0
123,2952,05/04,77.53999999999999,77.53999999999999,66.0425,1585.02,5.1,5.1,3.9166666666666665,94.0,100,100,81.5,1956,899,899,899,21576,0.0,0.0,0.0,0.0,0.0,0.0,0.0,0.0
124,2976,05/05,74.66,74.66,66.275,1590.6000000000001,7.2,7.2,2.2416666666666667,53.8,99,99,81.125,1947,899,899,899,21576,0.0,0.0,0.0,0.0,0.0,0.0,0.0,0.0
125,3000,05/06,71.96000000000001,71.96000000000001,65.645,1575.48,4.1,4.1,2.2416666666666667,53.800000000000004,96,96,83.08333333333333,1994,899,899,899,21576,0.0,0.0,0.0,0.0,0.0,0.0,0.0,0.0
126,3024,05/07,78.25999999999999,78.25999999999999,68.28500000000003,1638.8400000000006,7.2,7.2,3.391666666666666,81.39999999999999,99,99,78.75,1890,899,899,899,21576,0.0,0.0,0.0,0.0,0.0,0.0,0.0,0.0
127,3048,05/08,75.56,75.56,67.0625,1609.5,5.7,5.7,2.7291666666666665,65.5,98,98,77.20833333333333,1853,899,899,899,21576,0.0,0.0,0.0,0.0,0.0,0.0,0.0,0.0
128,3072,05/09,78.25999999999999,78.25999999999999,69.0425,1657.02,5.1,5.1,2.9291666666666667,70.3,98,98,72.58333333333333,1742,899,899,899,21576,0.0,0.0,0.0,0.0,0.0,0.0,0.0,0.0
129,3096,05/10,77.0,77.0,67.76,1626.24,4.6,4.6,2.6083333333333334,62.6,91,91,80.54166666666667,1933,899,899,899,21576,0.0,0.0,0.0,0.0,0.0,0.0,0.0,0.0
130,3120,05/11,79.16,79.16,68.0675,1633.62,14.5,14.5,4.416666666666667,106.0,100,100,76.29166666666667,1831,899,899,899,21576,0.0,0.0,0.0,0.0,0.0,0.0,0.0,0.0
131,3144,05/12,69.25999999999999,69.25999999999999,65.075,1561.8,4.6,4.6,2.1333333333333333,51.2,97,97,90.33333333333333,2168,899,899,899,21576,0.0,0.0,0.0,0.0,0.0,0.0,0.0,0.0
132,3168,05/13,71.42,71.42,65.7275,1577.46,6.2,6.2,2.808333333333333,67.39999999999999,98,98,82.375,1977,899,899,899,21576,0.0,0.0,0.0,0.0,0.0,0.0,0.0,0.0
133,3192,05/14,72.32,72.32,66.1775,1588.2599999999998,6.7,6.7,3.25,78.0,100,100,84.04166666666667,2017,899,899,899,21576,0.0,0.0,0.0,0.0,0.0,0.0,0.0,0.0
134,3216,05/15,73.4,73.4,67.14500000000001,1611.4800000000002,6.2,6.2,1.8,43.2,93,93,79.54166666666667,1909,899,899,899,21576,0.0,0.0,0.0,0.0,0.0,0.0,0.0,0.0
135,3240,05/16,71.78,71.78,65.2625,1566.3000000000002,5.1,5.1,1.2374999999999998,29.699999999999996,98,98,88.75,2130,899,899,899,21576,0.0,0.0,0.0,0.0,0.0,0.0,0.0,0.0
136,3264,05/17,70.34,70.34,63.33500000000001,1520.0400000000002,7.7,7.7,2.1125000000000003,50.70000000000001,100,100,85.83333333333333,2060,899,899,899,21576,0.0,0.0,0.0,0.0,0.0,0.0,0.0,0.0
137,3288,05/18,71.6,71.6,63.95000000000001,1534.8000000000002,10.2,10.2,5.3791666666666655,129.09999999999997,100,100,77.66666666666667,1864,899,899,899,21576,0.0,0.0,0.0,0.0,0.0,0.0,0.0,0.0
138,3312,05/19,70.16,70.16,64.325,1543.8000000000002,5.9,5.9,1.5916666666666666,38.199999999999996,95,95,78.375,1881,899,899,899,21576,0.0,0.0,0.0,0.0,0.0,0.0,0.0,0.0
139,3336,05/20,73.94,73.94,65.195,1564.6799999999998,3.6,3.6,2.3416666666666672,56.20000000000001,99,99,74.875,1797,899,899,899,21576,0.0,0.0,0.0,0.0,0.0,0.0,0.0,0.0
140,3360,05/21,77.0,77.0,66.5,1596.0,6.7,6.7,1.929166666666667,46.300000000000004,94,94,73.08333333333333,1754,899,899,899,21576,0.0,0.0,0.0,0.0,0.0,0.0,0.0,0.0
141,3384,05/22,76.46000000000001,76.46000000000001,65.75,1578.0,5.1,5.1,1.7374999999999996,41.69999999999999,98,98,74.25,1782,899,899,899,21576,0.0,0.0,0.0,0.0,0.0,0.0,0.0,0.0
142,3408,05/23,77.0,77.0,66.83750000000002,1604.1000000000004,9.3,9.3,3.1625,75.9,94,94,69.41666666666667,1666,899,899,899,21576,0.0,0.0,0.0,0.0,0.0,0.0,0.0,0.0
143,3432,05/24,76.28,76.28,66.2075,1588.9799999999998,5.1,5.1,1.4125000000000003,33.900000000000006,100,100,74.33333333333333,1784,899,899,899,21576,0.0,0.0,0.0,0.0,0.0,0.0,0.0,0.0
144,3456,05/25,72.86,72.86,65.21000000000001,1565.0400000000002,2.6,2.6,1.4291666666666671,34.30000000000001,88,88,72.70833333333333,1745,899,899,899,21576,0.0,0.0,0.0,0.0,0.0,0.0,0.0,0.0
145,3480,05/26,76.46000000000001,76.46000000000001,66.0725,1585.7400000000002,2.6,2.6,1.3541666666666667,32.5,94,94,69.125,1659,899,899,899,21576,0.0,0.0,0.0,0.0,0.0,0.0,0.0,0.0
146,3504,05/27,71.06,71.06,62.7275,1505.46,5.1,5.1,2.0166666666666666,48.4,100,100,81.54166666666667,1957,899,899,899,21576,0.0,0.0,0.0,0.0,0.0,0.0,0.0,0.0
147,3528,05/28,71.78,71.78,63.3425,1520.22,4.1,4.1,2.2208333333333337,53.30000000000001,99,99,84.375,2025,899,899,899,21576,0.0,0.0,0.0,0.0,0.0,0.0,0.0,0.0
148,3552,05/29,69.80000000000001,69.80000000000001,61.84250000000001,1484.2200000000003,6.7,6.7,2.7000000000000006,64.80000000000001,100,100,89.0,2136,899,899,899,21576,0.0,0.0,0.0,0.0,0.0,0.0,0.0,0.0
149,3576,05/30,73.22,73.22,64.325,1543.8000000000002,3.6,3.6,1.879166666666667,45.10000000000001,99,99,84.58333333333333,2030,899,899,899,21576,0.0,0.0,0.0,0.0,0.0,0.0,0.0,0.0
150,3600,05/31,72.5,72.5,64.24249999999999,1541.8199999999997,4.1,4.1,1.5875000000000001,38.1,97,97,81.25,1950,899,899,899,21576,0.0,0.0,0.0,0.0,0.0,0.0,0.0,0.0
151,3624,06/01,76.28,76.28,64.5575,1549.38,6.9,6.9,3.1458333333333335,75.5,98,98,73.20833333333333,1757,899,899,899,21576,0.0,0.0,0.0,0.0,0.0,0.0,0.0,0.0
152,3648,06/02,73.22,73.22,65.3225,1567.7400000000002,6.4,6.4,2.7083333333333335,65.0,99,99,74.25,1782,899,899,899,21576,0.0,0.0,0.0,0.0,0.0,0.0,0.0,0.0
153,3672,06/03,72.5,72.5,63.5375,1524.9,3.9,3.9,1.1333333333333333,27.2,94,94,76.33333333333333,1832,899,899,899,21576,0.0,0.0,0.0,0.0,0.0,0.0,0.0,0.0
154,3696,06/04,73.03999999999999,73.03999999999999,62.0225,1488.54,7.4,7.4,1.9625000000000001,47.1,97,97,77.79166666666667,1867,899,899,899,21576,0.0,0.0,0.0,0.0,0.0,0.0,0.0,0.0
155,3720,06/05,72.32,72.32,62.944999999999986,1510.6799999999996,3.9,3.9,2.2624999999999997,54.3,96,96,75.375,1809,899,899,899,21576,0.0,0.0,0.0,0.0,0.0,0.0,0.0,0.0
156,3744,06/06,69.80000000000001,69.80000000000001,63.55249999999999,1525.2599999999998,4.8,4.8,3.070833333333333,73.69999999999999,96,96,72.95833333333333,1751,899,899,899,21576,0.0,0.0,0.0,0.0,0.0,0.0,0.0,0.0
157,3768,06/07,68.0,68.0,62.51750000000002,1500.4200000000005,6.7,6.7,2.958333333333334,71.00000000000001,97,97,79.125,1899,899,899,899,21576,0.0,0.0,0.0,0.0,0.0,0.0,0.0,0.0
158,3792,06/08,68.0,68.0,62.42000000000001,1498.0800000000002,5.1,5.1,1.7291666666666667,41.5,100,100,78.75,1890,899,899,899,21576,0.0,0.0,0.0,0.0,0.0,0.0,0.0,0.0
159,3816,06/09,68.18,68.18,60.6275,1455.06,4.9,4.9,2.4666666666666663,59.199999999999996,95,95,79.83333333333333,1916,899,899,899,21576,0.0,0.0,0.0,0.0,0.0,0.0,0.0,0.0
160,3840,06/10,73.58000000000001,73.58000000000001,61.047500000000014,1465.1400000000003,6.4,6.4,2.391666666666667,57.400000000000006,96,96,75.91666666666667,1822,899,899,899,21576,0.0,0.0,0.0,0.0,0.0,0.0,0.0,0.0
161,3864,06/11,69.25999999999999,69.25999999999999,62.24,1493.76,7.2,7.2,3.804166666666666,91.29999999999998,95,95,76.79166666666667,1843,899,899,899,21576,0.0,0.0,0.0,0.0,0.0,0.0,0.0,0.0
162,3888,06/12,73.22,73.22,63.162499999999994,1515.8999999999999,9.3,9.3,2.954166666666667,70.9,95,95,73.83333333333333,1772,899,899,899,21576,0.0,0.0,0.0,0.0,0.0,0.0,0.0,0.0
163,3912,06/13,74.12,74.12,63.77,1530.48,4.2,4.2,2.295833333333333,55.099999999999994,94,94,71.625,1719,899,899,899,21576,0.0,0.0,0.0,0.0,0.0,0.0,0.0,0.0
164,3936,06/14,68.72,68.72,63.26,1518.24,4.1,4.1,2.2833333333333337,54.80000000000001,94,94,77.16666666666667,1852,899,899,899,21576,0.0,0.0,0.0,0.0,0.0,0.0,0.0,0.0
165,3960,06/15,71.6,71.6,64.205,1540.92,6.2,6.2,2.891666666666667,69.4,81,81,60.541666666666664,1453,899,899,899,21576,0.0,0.0,0.0,0.0,0.0,0.0,0.0,0.0
166,3984,06/16,72.5,72.5,63.657500000000006,1527.7800000000002,5.1,5.1,1.866666666666667,44.800000000000004,91,91,79.04166666666667,1897,899,899,899,21576,0.0,0.0,0.0,0.0,0.0,0.0,0.0,0.0
167,4008,06/17,66.2,66.2,60.50749999999999,1452.1799999999998,5.1,5.1,1.4125000000000003,33.900000000000006,99,99,83.29166666666667,1999,899,899,899,21576,0.0,0.0,0.0,0.0,0.0,0.0,0.0,0.0
168,4032,06/18,69.98,69.98,63.117499999999986,1514.8199999999997,4.9,4.9,2.0124999999999997,48.3,85,85,69.83333333333333,1676,899,899,899,21576,0.0,0.0,0.0,0.0,0.0,0.0,0.0,0.0
169,4056,06/19,69.08000000000001,69.08000000000001,63.589999999999996,1526.1599999999999,2.0,2.0,0.8708333333333332,20.9,84,84,68.75,1650,899,899,899,21576,0.0,0.0,0.0,0.0,0.0,0.0,0.0,0.0
170,4080,06/20,73.4,73.4,65.76499999999999,1578.3599999999997,6.2,6.2,1.1749999999999998,28.199999999999996,83,83,70.16666666666667,1684,899,899,899,21576,0.0,0.0,0.0,0.0,0.0,0.0,0.0,0.0
171,4104,06/21,71.6,71.6,63.949999999999996,1534.8,8.2,8.2,2.6666666666666665,64.0,88,88,71.5,1716,899,899,899,21576,0.0,0.0,0.0,0.0,0.0,0.0,0.0,0.0
172,4128,06/22,73.4,73.4,64.02499999999999,1536.6,2.1,2.1,0.23333333333333336,5.6000000000000005,82,82,70.91666666666667,1702,899,899,899,21576,0.0,0.0,0.0,0.0,0.0,0.0,0.0,0.0
173,4152,06/23,75.92,75.92,64.18249999999999,1540.3799999999999,3.4,3.4,2.1333333333333333,51.2,95,95,75.25,1806,899,899,899,21576,0.0,0.0,0.0,0.0,0.0,0.0,0.0,0.0
174,4176,06/24,69.62,69.62,62.40500000000001,1497.7200000000003,2.5,2.5,1.0166666666666666,24.4,89,89,73.83333333333333,1772,899,899,899,21576,0.0,0.0,0.0,0.0,0.0,0.0,0.0,0.0
175,4200,06/25,73.22,73.22,60.919999999999995,1462.08,4.9,4.9,2.454166666666666,58.89999999999999,95,95,77.45833333333333,1859,899,899,899,21576,0.0,0.0,0.0,0.0,0.0,0.0,0.0,0.0
176,4224,06/26,71.6,71.6,62.42750000000001,1498.2600000000002,9.3,9.3,2.9250000000000007,70.20000000000002,96,96,74.95833333333333,1799,899,899,899,21576,0.0,0.0,0.0,0.0,0.0,0.0,0.0,0.0
177,4248,06/27,70.88,70.88,63.035000000000004,1512.8400000000001,5.1,5.1,2.4083333333333337,57.800000000000004,100,100,78.41666666666667,1882,899,899,899,21576,0.0,0.0,0.0,0.0,0.0,0.0,0.0,0.0
178,4272,06/28,71.6,71.6,63.23000000000001,1517.5200000000002,4.6,4.6,2.1958333333333337,52.70000000000001,94,94,72.79166666666667,1747,899,899,899,21576,0.0,0.0,0.0,0.0,0.0,0.0,0.0,0.0
179,4296,06/29,77.9,77.9,64.05499999999999,1537.3199999999997,5.9,5.9,2.4625,59.099999999999994,99,99,77.625,1863,899,899,899,21576,0.0,0.0,0.0,0.0,0.0,0.0,0.0,0.0
180,4320,06/30,75.74000000000001,75.74000000000001,65.81,1579.44,6.7,6.7,2.4083333333333337,57.80000000000001,88,88,71.125,1707,899,899,899,21576,0.0,0.0,0.0,0.0,0.0,0.0,0.0,0.0
181,4344,07/01,69.80000000000001,69.80000000000001,61.745000000000005,1481.88,14.0,14.0,3.858333333333334,92.60000000000001,89,89,73.83333333333333,1772,899,899,899,21576,0.0,0.0,0.0,0.0,0.0,0.0,0.0,0.0
182,4368,07/02,69.44,69.44,61.70750000000001,1480.9800000000002,11.2,11.2,3.537500000000001,84.90000000000002,90,90,70.95833333333333,1703,899,899,899,21576,0.0,0.0,0.0,0.0,0.0,0.0,0.0,0.0
183,4392,07/03,68.18,68.18,59.315,1423.56,4.7,4.7,2.3208333333333333,55.7,95,95,74.54166666666667,1789,899,899,899,21576,0.0,0.0,0.0,0.0,0.0,0.0,0.0,0.0
184,4416,07/04,71.96000000000001,71.96000000000001,62.120000000000026,1490.8800000000006,4.3,4.3,1.8749999999999998,44.99999999999999,97,97,71.58333333333333,1718,899,899,899,21576,0.0,0.0,0.0,0.0,0.0,0.0,0.0,0.0
185,4440,07/05,67.64,67.64,59.720000000000006,1433.2800000000002,5.8,5.8,3.1541666666666672,75.70000000000002,98,98,82.70833333333333,1985,899,899,899,21576,0.0,0.0,0.0,0.0,0.0,0.0,0.0,0.0
186,4464,07/06,73.75999999999999,73.75999999999999,61.96250000000001,1487.1000000000004,5.1,5.1,2.970833333333333,71.3,100,100,69.91666666666667,1678,899,899,899,21576,0.0,0.0,0.0,0.0,0.0,0.0,0.0,0.0
187,4488,07/07,68.9,68.9,62.37500000000001,1497.0000000000002,6.2,6.2,3.3541666666666674,80.50000000000001,100,100,81.70833333333333,1961,899,899,899,21576,0.0,0.0,0.0,0.0,0.0,0.0,0.0,0.0
188,4512,07/08,75.2,75.2,65.585,1574.0399999999997,5.1,5.1,2.6708333333333343,64.10000000000002,94,94,59.666666666666664,1432,899,899,899,21576,0.0,0.0,0.0,0.0,0.0,0.0,0.0,0.0
189,4536,07/09,73.4,73.4,64.42250000000001,1546.1400000000003,5.1,5.1,2.4166666666666665,58.0,98,98,59.458333333333336,1427,899,899,899,21576,0.0,0.0,0.0,0.0,0.0,0.0,0.0,0.0
190,4560,07/10,71.06,71.06,62.65249999999998,1503.6599999999996,6.7,6.7,3.0500000000000003,73.2,91,91,66.95833333333333,1607,899,899,899,21576,0.0,0.0,0.0,0.0,0.0,0.0,0.0,0.0
191,4584,07/11,73.4,73.4,63.58249999999999,1525.9799999999998,6.2,6.2,2.6958333333333333,64.7,87,87,65.875,1581,899,899,899,21576,0.0,0.0,0.0,0.0,0.0,0.0,0.0,0.0
192,4608,07/12,77.0,77.0,64.09249999999999,1538.2199999999996,5.1,5.1,1.7916666666666667,43.0,94,94,64.0,1536,899,899,899,21576,0.0,0.0,0.0,0.0,0.0,0.0,0.0,0.0
193,4632,07/13,69.80000000000001,69.80000000000001,60.919999999999995,1462.08,5.1,5.1,2.233333333333334,53.60000000000001,94,94,75.95833333333333,1823,899,899,899,21576,0.0,0.0,0.0,0.0,0.0,0.0,0.0,0.0
194,4656,07/14,64.4,64.4,59.660000000000004,1431.8400000000001,5.7,5.7,2.3208333333333337,55.70000000000001,91,91,81.0,1944,899,899,899,21576,0.0,0.0,0.0,0.0,0.0,0.0,0.0,0.0
195,4680,07/15,68.0,68.0,61.5425,1477.02,8.3,8.3,3.9791666666666665,95.5,94,94,71.08333333333333,1706,899,899,899,21576,0.0,0.0,0.0,0.0,0.0,0.0,0.0,0.0
196,4704,07/16,69.80000000000001,69.80000000000001,61.31,1471.44,3.8,3.8,1.5999999999999999,38.4,97,97,73.83333333333333,1772,899,899,899,21576,0.0,0.0,0.0,0.0,0.0,0.0,0.0,0.0
197,4728,07/17,68.0,68.0,61.06250000000001,1465.5000000000002,4.1,4.1,1.4958333333333333,35.9,94,94,73.33333333333333,1760,899,899,899,21576,0.0,0.0,0.0,0.0,0.0,0.0,0.0,0.0
198,4752,07/18,71.6,71.6,59.779999999999994,1434.7199999999998,10.3,10.3,2.75,66.0,94,94,76.66666666666667,1840,899,899,899,21576,0.0,0.0,0.0,0.0,0.0,0.0,0.0,0.0
199,4776,07/19,73.4,73.4,61.37000000000001,1472.8800000000003,6.2,6.2,2.475,59.400000000000006,94,94,73.08333333333333,1754,899,899,899,21576,0.0,0.0,0.0,0.0,0.0,0.0,0.0,0.0
200,4800,07/20,64.4,64.4,59.675000000000004,1432.2,5.1,5.1,2.329166666666667,55.900000000000006,94,94,81.66666666666667,1960,899,899,899,21576,0.0,0.0,0.0,0.0,0.0,0.0,0.0,0.0
201,4824,07/21,67.28,67.28,61.76000000000001,1482.2400000000002,5.1,5.1,2.4416666666666673,58.600000000000016,100,100,76.33333333333333,1832,899,899,899,21576,0.0,0.0,0.0,0.0,0.0,0.0,0.0,0.0
202,4848,07/22,73.4,73.4,62.405,1497.72,7.7,7.7,2.3875,57.300000000000004,96,96,72.375,1737,899,899,899,21576,0.0,0.0,0.0,0.0,0.0,0.0,0.0,0.0
203,4872,07/23,73.94,73.94,62.12,1490.8799999999999,3.8,3.8,1.708333333333333,40.99999999999999,98,98,73.45833333333333,1763,899,899,899,21576,0.0,0.0,0.0,0.0,0.0,0.0,0.0,0.0
204,4896,07/24,71.06,71.06,61.287499999999994,1470.8999999999999,5.8,5.8,1.6291666666666664,39.099999999999994,96,96,72.58333333333333,1742,899,899,899,21576,0.0,0.0,0.0,0.0,0.0,0.0,0.0,0.0
205,4920,07/25,73.4,73.4,63.372499999999995,1520.9399999999998,5.1,5.1,2.295833333333334,55.10000000000001,78,78,62.416666666666664,1498,899,899,899,21576,0.0,0.0,0.0,0.0,0.0,0.0,0.0,0.0
206,4944,07/26,75.2,75.2,61.49000000000001,1475.7600000000002,4.1,4.1,1.4666666666666668,35.2,89,89,63.416666666666664,1522,899,899,899,21576,0.0,0.0,0.0,0.0,0.0,0.0,0.0,0.0
207,4968,07/27,75.2,75.2,63.85250000000001,1532.4600000000003,6.2,6.2,2.2833333333333337,54.80000000000001,81,81,64.45833333333333,1547,899,899,899,21576,0.0,0.0,0.0,0.0,0.0,0.0,0.0,0.0
208,4992,07/28,72.32,72.32,62.37500000000001,1497.0000000000002,15.4,15.4,3.599999999999999,86.39999999999998,100,100,79.66666666666667,1912,899,899,899,21576,0.0,0.0,0.0,0.0,0.0,0.0,0.0,0.0
209,5016,07/29,84.2,84.2,64.895,1557.4799999999998,6.2,6.2,2.8791666666666664,69.1,89,89,68.20833333333333,1637,899,899,899,21576,0.0,0.0,0.0,0.0,0.0,0.0,0.0,0.0
210,5040,07/30,69.80000000000001,69.80000000000001,61.595,1478.28,5.1,5.1,1.7166666666666668,41.2,100,100,74.33333333333333,1784,899,899,899,21576,0.0,0.0,0.0,0.0,0.0,0.0,0.0,0.0
211,5064,07/31,69.80000000000001,69.80000000000001,62.1875,1492.5,3.6,3.6,1.5833333333333333,38.0,92,92,78.33333333333333,1880,899,899,899,21576,0.0,0.0,0.0,0.0,0.0,0.0,0.0,0.0
212,5088,08/01,72.5,72.5,62.39000000000001,1497.3600000000001,5.8,5.8,3.895833333333334,93.50000000000001,97,97,69.41666666666667,1666,899,899,899,21576,0.0,0.0,0.0,0.0,0.0,0.0,0.0,0.0
213,5112,08/02,72.5,72.5,58.925000000000004,1414.2,8.0,8.0,4.312499999999999,103.49999999999999,100,100,74.0,1776,899,899,899,21576,0.0,0.0,0.0,0.0,0.0,0.0,0.0,0.0
214,5136,08/03,72.5,72.5,62.112500000000004,1490.7,5.3,5.3,2.9583333333333326,70.99999999999999,85,85,63.625,1527,899,899,899,21576,0.0,0.0,0.0,0.0,0.0,0.0,0.0,0.0
215,5160,08/04,67.1,67.1,60.08750000000001,1442.1000000000004,3.7,3.7,2.3333333333333335,56.0,97,97,78.83333333333333,1892,899,899,899,21576,0.0,0.0,0.0,0.0,0.0,0.0,0.0,0.0
216,5184,08/05,72.5,72.5,61.85,1484.4,6.3,6.3,3.262500000000001,78.30000000000003,97,97,76.79166666666667,1843,899,899,899,21576,0.0,0.0,0.0,0.0,0.0,0.0,0.0,0.0
217,5208,08/06,68.9,68.9,61.5875,1478.1,4.2,4.2,2.1041666666666665,50.49999999999999,97,97,80.45833333333333,1931,899,899,899,21576,0.0,0.0,0.0,0.0,0.0,0.0,0.0,0.0
218,5232,08/07,75.2,75.2,63.665,1527.96,6.2,6.2,2.2125,53.1,90,90,70.95833333333333,1703,899,899,899,21576,0.0,0.0,0.0,0.0,0.0,0.0,0.0,0.0
219,5256,08/08,69.80000000000001,69.80000000000001,59.652499999999996,1431.6599999999999,6.2,6.2,2.1625,51.9,100,100,78.58333333333333,1886,899,899,899,21576,0.0,0.0,0.0,0.0,0.0,0.0,0.0,0.0
220,5280,08/09,69.80000000000001,69.80000000000001,62.375,1497.0,6.0,6.0,1.925,46.2,96,96,73.20833333333333,1757,899,899,899,21576,0.0,0.0,0.0,0.0,0.0,0.0,0.0,0.0
221,5304,08/10,70.7,70.7,63.815,1531.56,5.8,5.8,2.658333333333333,63.8,86,86,70.91666666666667,1702,899,899,899,21576,0.0,0.0,0.0,0.0,0.0,0.0,0.0,0.0
222,5328,08/11,68.9,68.9,61.17500000000001,1468.2000000000003,3.1,3.1,1.7666666666666668,42.400000000000006,97,97,77.41666666666667,1858,899,899,899,21576,0.0,0.0,0.0,0.0,0.0,0.0,0.0,0.0
223,5352,08/12,70.7,70.7,62.449999999999996,1498.8,5.3,5.3,2.3874999999999997,57.3,96,96,73.66666666666667,1768,899,899,899,21576,0.0,0.0,0.0,0.0,0.0,0.0,0.0,0.0
224,5376,08/13,70.7,70.7,62.525000000000006,1500.6000000000001,3.7,3.7,2.7833333333333337,66.80000000000001,91,91,69.91666666666667,1678,899,899,899,21576,0.0,0.0,0.0,0.0,0.0,0.0,0.0,0.0
225,5400,08/14,70.7,70.7,60.762499999999996,1458.3,5.3,5.3,2.5000000000000004,60.00000000000001,97,97,69.91666666666667,1678,899,899,899,21576,0.0,0.0,0.0,0.0,0.0,0.0,0.0,0.0
226,5424,08/15,65.30000000000001,65.30000000000001,59.87,1436.8799999999999,11.1,11.1,5.158333333333333,123.8,97,97,74.08333333333333,1778,899,899,899,21576,0.0,0.0,0.0,0.0,0.0,0.0,0.0,0.0
227,5448,08/16,68.0,68.0,59.922499999999985,1438.1399999999996,7.1,7.1,3.866666666666665,92.79999999999995,96,96,69.08333333333333,1658,899,899,899,21576,0.0,0.0,0.0,0.0,0.0,0.0,0.0,0.0
228,5472,08/17,67.46000000000001,67.46000000000001,60.335,1448.04,4.8,4.8,2.4375000000000004,58.50000000000001,96,96,74.0,1776,899,899,899,21576,0.0,0.0,0.0,0.0,0.0,0.0,0.0,0.0
229,5496,08/18,70.7,70.7,61.032500000000006,1464.7800000000002,4.8,4.8,3.2083333333333335,77.0,100,100,73.125,1755,899,899,899,21576,0.0,0.0,0.0,0.0,0.0,0.0,0.0,0.0
230,5520,08/19,71.96000000000001,71.96000000000001,62.255,1494.1200000000001,8.0,8.0,3.2375000000000003,77.7,94,94,71.58333333333333,1718,899,899,899,21576,0.0,0.0,0.0,0.0,0.0,0.0,0.0,0.0
231,5544,08/20,72.5,72.5,62.24000000000001,1493.7600000000002,8.0,8.0,4.641666666666667,111.39999999999999,91,91,71.75,1722,899,899,899,21576,0.0,0.0,0.0,0.0,0.0,0.0,0.0,0.0
232,5568,08/21,73.4,73.4,63.245000000000005,1517.88,6.4,6.4,2.525000000000001,60.600000000000016,100,100,72.75,1746,899,899,899,21576,0.0,0.0,0.0,0.0,0.0,0.0,0.0,0.0
233,5592,08/22,77.36,77.36,57.605,1382.52,10.3,10.3,3.5958333333333337,86.30000000000001,100,100,67.75,1626,899,899,899,21576,0.0,0.0,0.0,0.0,0.0,0.0,0.0,0.0
234,5616,08/23,76.1,76.1,59.54750000000001,1429.14,9.7,9.7,4.4125000000000005,105.9,97,97,62.458333333333336,1499,899,899,899,21576,0.0,0.0,0.0,0.0,0.0,0.0,0.0,0.0
235,5640,08/24,73.94,73.94,60.5,1452.0,8.0,8.0,3.8291666666666675,91.90000000000002,99,99,69.125,1659,899,899,899,21576,0.0,0.0,0.0,0.0,0.0,0.0,0.0,0.0
236,5664,08/25,72.32,72.32,61.73750000000001,1481.7000000000003,7.0,7.0,3.8583333333333325,92.59999999999998,97,97,69.5,1668,899,899,899,21576,0.0,0.0,0.0,0.0,0.0,0.0,0.0,0.0
237,5688,08/26,74.30000000000001,74.30000000000001,63.7775,1530.66,6.9,6.9,2.829166666666666,67.89999999999999,94,94,68.375,1641,899,899,899,21576,0.0,0.0,0.0,0.0,0.0,0.0,0.0,0.0
238,5712,08/27,74.30000000000001,74.30000000000001,62.1875,1492.5,2.9,2.9,1.5125,36.3,97,97,77.375,1857,899,899,899,21576,0.0,0.0,0.0,0.0,0.0,0.0,0.0,0.0
239,5736,08/28,76.1,76.1,63.20000000000001,1516.8000000000002,6.9,6.9,3.7708333333333335,90.5,91,91,73.33333333333333,1760,899,899,899,21576,0.0,0.0,0.0,0.0,0.0,0.0,0.0,0.0
240,5760,08/29,76.1,76.1,61.32500000000001,1471.8000000000002,6.9,6.9,3.870833333333333,92.89999999999999,100,100,79.45833333333333,1907,899,899,899,21576,0.0,0.0,0.0,0.0,0.0,0.0,0.0,0.0
241,5784,08/30,76.1,76.1,65.375,1569.0,6.3,6.3,3.4291666666666667,82.3,100,100,68.0,1632,899,899,899,21576,0.0,0.0,0.0,0.0,0.0,0.0,0.0,0.0
242,5808,08/31,77.9,77.9,62.839999999999996,1508.1599999999999,7.5,7.5,5.0,120.0,97,97,75.16666666666667,1804,899,899,899,21576,0.0,0.0,0.0,0.0,0.0,0.0,0.0,0.0
243,5832,09/01,73.4,73.4,62.089999999999996,1490.1599999999999,6.7,6.7,1.791666666666667,43.00000000000001,94,94,80.04166666666667,1921,899,899,899,21576,0.0,0.0,0.0,0.0,0.0,0.0,0.0,0.0
244,5856,09/02,64.4,64.4,60.88249999999999,1461.1799999999998,4.1,4.1,2.6833333333333336,64.4,100,100,81.70833333333333,1961,899,899,899,21576,0.0,0.0,0.0,0.0,0.0,0.0,0.0,0.0
245,5880,09/03,73.4,73.4,65.71250000000002,1577.1000000000004,8.3,8.3,3.9791666666666674,95.50000000000001,94,94,64.29166666666667,1543,899,899,899,21576,0.0,0.0,0.0,0.0,0.0,0.0,0.0,0.0
246,5904,09/04,73.4,73.4,64.9475,1558.7400000000002,6.2,6.2,2.4750000000000005,59.40000000000001,87,87,65.125,1563,899,899,899,21576,0.0,0.0,0.0,0.0,0.0,0.0,0.0,0.0
247,5928,09/05,77.9,77.9,63.275,1518.6,11.3,11.3,2.741666666666667,65.80000000000001,100,100,72.91666666666667,1750,899,899,899,21576,0.0,0.0,0.0,0.0,0.0,0.0,0.0,0.0
248,5952,09/06,75.2,75.2,65.22500000000001,1565.4,5.1,5.1,1.4958333333333336,35.900000000000006,82,82,59.166666666666664,1420,899,899,899,21576,0.0,0.0,0.0,0.0,0.0,0.0,0.0,0.0
249,5976,09/07,68.36,68.36,62.44250000000002,1498.6200000000003,7.7,7.7,2.545833333333334,61.10000000000001,94,94,66.5,1596,899,899,899,21576,0.0,0.0,0.0,0.0,0.0,0.0,0.0,0.0
250,6000,09/08,74.48,74.48,64.715,1553.16,7.9,7.9,4.083333333333333,98.0,89,89,65.58333333333333,1574,899,899,899,21576,0.0,0.0,0.0,0.0,0.0,0.0,0.0,0.0
251,6024,09/09,76.28,76.28,64.24249999999999,1541.8199999999997,2.8,2.8,1.9708333333333334,47.300000000000004,89,89,70.70833333333333,1697,899,899,899,21576,0.0,0.0,0.0,0.0,0.0,0.0,0.0,0.0
252,6048,09/10,73.4,73.4,65.9225,1582.1399999999999,5.6,5.6,2.6500000000000004,63.60000000000001,94,94,69.0,1656,899,899,899,21576,0.0,0.0,0.0,0.0,0.0,0.0,0.0,0.0
253,6072,09/11,78.08000000000001,78.08000000000001,63.5825,1525.98,10.2,10.2,4.370833333333333,104.89999999999998,93,93,67.5,1620,899,899,899,21576,0.0,0.0,0.0,0.0,0.0,0.0,0.0,0.0
254,6096,09/12,78.08000000000001,78.08000000000001,63.68,1528.32,5.6,5.6,3.045833333333334,73.10000000000001,97,97,69.625,1671,899,899,899,21576,0.0,0.0,0.0,0.0,0.0,0.0,0.0,0.0
255,6120,09/13,79.7,79.7,66.32,1591.6799999999998,7.9,7.9,4.45,106.80000000000001,98,98,68.20833333333333,1637,899,899,899,21576,0.0,0.0,0.0,0.0,0.0,0.0,0.0,0.0
256,6144,09/14,83.48,83.48,64.49750000000002,1547.9400000000003,5.6,5.6,2.3791666666666664,57.099999999999994,100,100,71.375,1713,899,899,899,21576,0.0,0.0,0.0,0.0,0.0,0.0,0.0,0.0
257,6168,09/15,73.4,73.4,65.945,1582.6799999999998,6.7,6.7,3.725,89.4,82,82,52.333333333333336,1256,899,899,899,21576,0.0,0.0,0.0,0.0,0.0,0.0,0.0,0.0
258,6192,09/16,82.4,82.4,68.00750000000001,1632.1800000000003,5.1,5.1,1.4791666666666672,35.500000000000014,91,91,63.416666666666664,1522,899,899,899,21576,0.0,0.0,0.0,0.0,0.0,0.0,0.0,0.0
259,6216,09/17,82.4,82.4,65.14249999999998,1563.4199999999996,9.8,9.8,3.891666666666667,93.4,94,94,71.875,1725,899,899,899,21576,0.0,0.0,0.0,0.0,0.0,0.0,0.0,0.0
260,6240,09/18,84.02,84.02,64.55749999999999,1549.3799999999999,16.5,16.5,6.620833333333333,158.89999999999998,94,94,74.16666666666667,1780,899,899,899,21576,0.0,0.0,0.0,0.0,0.0,0.0,0.0,0.0
261,6264,09/19,79.16,79.16,68.18,1636.3200000000002,9.3,9.3,4.616666666666666,110.8,94,94,65.625,1575,899,899,899,21576,0.0,0.0,0.0,0.0,0.0,0.0,0.0,0.0
262,6288,09/20,78.08000000000001,78.08000000000001,65.5175,1572.42,9.6,9.6,3.1124999999999994,74.69999999999999,100,100,69.16666666666667,1660,899,899,899,21576,0.0,0.0,0.0,0.0,0.0,0.0,0.0,0.0
263,6312,09/21,82.22,82.22,64.77499999999999,1554.6,8.4,8.4,3.2666666666666657,78.39999999999998,95,95,71.79166666666667,1723,899,899,899,21576,0.0,0.0,0.0,0.0,0.0,0.0,0.0,0.0
264,6336,09/22,79.34,79.34,65.54750000000001,1573.1400000000003,6.8,6.8,3.254166666666667,78.10000000000001,97,97,64.08333333333333,1538,899,899,899,21576,0.0,0.0,0.0,0.0,0.0,0.0,0.0,0.0
265,6360,09/23,74.84,74.84,62.30000000000001,1495.2000000000003,5.6,5.6,2.875,69.0,95,95,78.75,1890,899,899,899,21576,0.0,0.0,0.0,0.0,0.0,0.0,0.0,0.0
266,6384,09/24,76.28,76.28,63.34250000000001,1520.2200000000003,5.6,5.6,3.2083333333333317,76.99999999999996,100,100,76.91666666666667,1846,899,899,899,21576,0.0,0.0,0.0,0.0,0.0,0.0,0.0,0.0
267,6408,09/25,69.08000000000001,69.08000000000001,61.69250000000002,1480.6200000000003,5.6,5.6,2.358333333333333,56.599999999999994,100,100,90.875,2181,899,899,899,21576,0.0,0.0,0.0,0.0,0.0,0.0,0.0,0.0
268,6432,09/26,81.68,81.68,66.45500000000001,1594.9200000000003,7.3,7.3,2.025,48.6,98,98,65.79166666666667,1579,899,899,899,21576,0.0,0.0,0.0,0.0,0.0,0.0,0.0,0.0
269,6456,09/27,82.58000000000001,82.58000000000001,66.65750000000001,1599.7800000000002,3.6,3.6,2.225,53.4,95,95,62.916666666666664,1510,899,899,899,21576,0.0,0.0,0.0,0.0,0.0,0.0,0.0,0.0
270,6480,09/28,82.4,82.4,69.23,1661.52,7.7,7.7,3.733333333333334,89.60000000000001,82,82,51.208333333333336,1229,899,899,899,21576,0.0,0.0,0.0,0.0,0.0,0.0,0.0,0.0
271,6504,09/29,77.0,77.0,67.955,1630.92,10.3,10.3,4.3875,105.3,94,94,62.0,1488,899,899,899,21576,0.0,0.0,0.0,0.0,0.0,0.0,0.0,0.0
272,6528,09/30,79.16,79.16,68.15,1635.6000000000001,12.9,12.9,6.245833333333334,149.9,88,88,65.625,1575,899,899,899,21576,0.0,0.0,0.0,0.0,0.0,0.0,0.0,0.0
273,6552,10/01,81.86,81.86,67.37,1616.88,9.9,9.9,4.2625,102.30000000000001,91,91,58.333333333333336,1400,899,899,899,21576,0.0,0.0,0.0,0.0,0.0,0.0,0.0,0.0
274,6576,10/02,80.06,80.06,67.085,1610.04,8.2,8.2,4.7124999999999995,113.1,95,95,61.791666666666664,1483,899,899,899,21576,0.0,0.0,0.0,0.0,0.0,0.0,0.0,0.0
275,6600,10/03,78.25999999999999,78.25999999999999,66.8975,1605.54,6.6,6.6,4.8375,116.10000000000001,89,89,64.70833333333333,1553,899,899,899,21576,0.0,0.0,0.0,0.0,0.0,0.0,0.0,0.0
276,6624,10/04,78.25999999999999,78.25999999999999,66.335,1592.04,11.0,11.0,5.6499999999999995,135.6,89,89,66.25,1590,899,899,899,21576,0.0,0.0,0.0,0.0,0.0,0.0,0.0,0.0
277,6648,10/05,78.25999999999999,78.25999999999999,67.12249999999999,1610.9399999999998,9.9,9.9,5.216666666666668,125.20000000000003,89,89,66.0,1584,899,899,899,21576,0.0,0.0,0.0,0.0,0.0,0.0,0.0,0.0
278,6672,10/06,76.46000000000001,76.46000000000001,66.55999999999999,1597.4399999999996,9.9,9.9,4.9375,118.5,95,95,69.375,1665,899,899,899,21576,0.0,0.0,0.0,0.0,0.0,0.0,0.0,0.0
279,6696,10/07,78.25999999999999,78.25999999999999,67.535,1620.84,7.7,7.7,4.804166666666666,115.3,95,95,62.333333333333336,1496,899,899,899,21576,0.0,0.0,0.0,0.0,0.0,0.0,0.0,0.0
280,6720,10/08,80.6,80.6,69.08000000000001,1657.9200000000003,11.2,11.2,5.991666666666667,143.8,100,100,56.875,1365,899,899,899,21576,0.0,0.0,0.0,0.0,0.0,0.0,0.0,0.0
281,6744,10/09,80.06,80.06,66.6875,1600.5,9.4,9.4,5.766666666666668,138.40000000000003,100,100,62.25,1494,899,899,899,21576,0.0,0.0,0.0,0.0,0.0,0.0,0.0,0.0
282,6768,10/10,80.06,80.06,65.96,1583.0399999999997,8.7,8.7,4.429166666666666,106.3,95,95,62.666666666666664,1504,899,899,899,21576,0.0,0.0,0.0,0.0,0.0,0.0,0.0,0.0
283,6792,10/11,78.44,78.44,65.72,1577.28,8.7,8.7,3.7625000000000006,90.30000000000001,90,90,57.416666666666664,1378,899,899,899,21576,0.0,0.0,0.0,0.0,0.0,0.0,0.0,0.0
284,6816,10/12,83.66,83.66,67.16,1611.84,11.0,11.0,6.233333333333334,149.60000000000002,89,89,57.583333333333336,1382,899,899,899,21576,0.0,0.0,0.0,0.0,0.0,0.0,0.0,0.0
285,6840,10/13,78.25999999999999,78.25999999999999,69.8975,1677.5399999999997,9.9,9.9,6.570833333333334,157.70000000000002,89,89,59.5,1428,899,899,899,21576,0.0,0.0,0.0,0.0,0.0,0.0,0.0,0.0
286,6864,10/14,80.06,80.06,68.21,1637.0399999999997,9.9,9.9,5.133333333333334,123.2,100,100,68.25,1638,899,899,899,21576,0.0,0.0,0.0,0.0,0.0,0.0,0.0,0.0
287,6888,10/15,80.06,80.06,68.21,1637.04,12.0,12.0,7.020833333333333,168.5,95,95,65.625,1575,899,899,899,21576,0.0,0.0,0.0,0.0,0.0,0.0,0.0,0.0
288,6912,10/16,76.46000000000001,76.46000000000001,66.71,1601.04,11.0,11.0,6.770833333333333,162.5,95,95,67.70833333333333,1625,899,899,899,21576,0.0,0.0,0.0,0.0,0.0,0.0,0.0,0.0
289,6936,10/17,72.86,72.86,64.3175,1543.62,8.7,8.7,5.383333333333334,129.20000000000002,100,100,74.66666666666667,1792,899,899,899,21576,0.0,0.0,0.0,0.0,0.0,0.0,0.0,0.0
290,6960,10/18,78.25999999999999,78.25999999999999,65.96749999999999,1583.2199999999998,5.4,5.4,2.8874999999999997,69.3,93,93,59.375,1425,899,899,899,21576,0.0,0.0,0.0,0.0,0.0,0.0,0.0,0.0
291,6984,10/19,76.46000000000001,76.46000000000001,65.03,1560.72,8.2,8.2,4.470833333333333,107.3,100,100,62.625,1503,899,899,899,21576,0.0,0.0,0.0,0.0,0.0,0.0,0.0,0.0
292,7008,10/20,80.06,80.06,66.71,1601.0399999999997,12.7,12.7,6.220833333333335,149.30000000000004,83,83,52.875,1269,899,899,899,21576,0.0,0.0,0.0,0.0,0.0,0.0,0.0,0.0
293,7032,10/21,72.86,72.86,66.25999999999999,1590.2399999999998,7.7,7.7,5.958333333333335,143.00000000000003,89,89,66.41666666666667,1594,899,899,899,21576,0.0,0.0,0.0,0.0,0.0,0.0,0.0,0.0
294,7056,10/22,72.86,72.86,65.885,1581.24,8.2,8.2,6.341666666666669,152.20000000000005,89,89,69.70833333333333,1673,899,899,899,21576,0.0,0.0,0.0,0.0,0.0,0.0,0.0,0.0
295,7080,10/23,78.25999999999999,78.25999999999999,67.87249999999999,1628.9399999999996,12.0,12.0,6.104166666666668,146.50000000000003,83,83,66.0,1584,899,899,899,21576,0.0,0.0,0.0,0.0,0.0,0.0,0.0,0.0
296,7104,10/24,78.25999999999999,78.25999999999999,68.21000000000001,1637.0400000000002,9.9,9.9,6.079166666666668,145.90000000000003,89,89,64.375,1545,899,899,899,21576,0.0,0.0,0.0,0.0,0.0,0.0,0.0,0.0
297,7128,10/25,74.66,74.66,65.53249999999998,1572.7799999999997,9.9,9.9,6.208333333333333,149.0,89,89,74.66666666666667,1792,899,899,899,21576,0.0,0.0,0.0,0.0,0.0,0.0,0.0,0.0
298,7152,10/26,77.0,77.0,66.98,1607.5200000000002,10.3,10.3,6.291666666666668,151.00000000000003,100,100,67.83333333333333,1628,899,899,899,21576,0.0,0.0,0.0,0.0,0.0,0.0,0.0,0.0
299,7176,10/27,78.25999999999999,78.25999999999999,67.955,1630.9199999999998,6.6,6.6,5.158333333333335,123.80000000000004,84,84,66.625,1599,899,899,899,21576,0.0,0.0,0.0,0.0,0.0,0.0,0.0,0.0
300,7200,10/28,75.2,75.2,67.38500000000003,1617.2400000000007,42.2,42.2,12.666666666666664,303.99999999999994,86,86,63.666666666666664,1528,899,899,899,21576,0.0,0.0,0.0,0.0,0.0,0.0,0.0,0.0
301,7224,10/29,80.06,80.06,67.16000000000001,1611.8400000000001,9.9,9.9,5.025,120.60000000000001,95,95,58.791666666666664,1411,899,899,899,21576,0.0,0.0,0.0,0.0,0.0,0.0,0.0,0.0
302,7248,10/30,80.06,80.06,66.6725,1600.1399999999999,6.6,6.6,4.629166666666667,111.10000000000001,95,95,59.458333333333336,1427,899,899,899,21576,0.0,0.0,0.0,0.0,0.0,0.0,0.0,0.0
303,7272,10/31,78.98,78.98,66.83,1603.92,8.7,8.7,4.2375,101.7,95,95,65.04166666666667,1561,899,899,899,21576,0.0,0.0,0.0,0.0,0.0,0.0,0.0,0.0
304,7296,11/01,76.1,76.1,66.85250000000002,1604.4600000000005,6.2,6.2,2.191666666666667,52.6,93,93,68.45833333333333,1643,899,899,899,21576,0.0,0.0,0.0,0.0,0.0,0.0,0.0,0.0
305,7320,11/02,76.82,76.82,64.7,1552.8,8.8,8.8,4.954166666666666,118.89999999999998,99,99,72.20833333333333,1733,899,899,899,21576,0.0,0.0,0.0,0.0,0.0,0.0,0.0,0.0
306,7344,11/03,76.1,76.1,64.1675,1540.0200000000002,8.3,8.3,5.1208333333333345,122.90000000000002,99,99,71.95833333333333,1727,899,899,899,21576,0.0,0.0,0.0,0.0,0.0,0.0,0.0,0.0
307,7368,11/04,73.75999999999999,73.75999999999999,64.58000000000001,1549.9200000000003,8.8,8.8,4.858333333333333,116.6,96,96,66.54166666666667,1597,899,899,899,21576,0.0,0.0,0.0,0.0,0.0,0.0,0.0,0.0
308,7392,11/05,77.53999999999999,77.53999999999999,65.6225,1574.94,5.5,5.5,2.729166666666666,65.49999999999999,94,94,60.708333333333336,1457,899,899,899,21576,0.0,0.0,0.0,0.0,0.0,0.0,0.0,0.0
309,7416,11/06,74.66,74.66,64.6775,1552.26,6.7,6.7,4.833333333333334,116.00000000000001,95,95,72.83333333333333,1748,899,899,899,21576,0.0,0.0,0.0,0.0,0.0,0.0,0.0,0.0
310,7440,11/07,76.46000000000001,76.46000000000001,65.96000000000001,1583.0400000000002,8.3,8.3,3.7999999999999994,91.19999999999999,99,99,71.54166666666667,1717,899,899,899,21576,0.0,0.0,0.0,0.0,0.0,0.0,0.0,0.0
311,7464,11/08,74.12,74.12,65.78,1578.72,8.8,8.8,4.0125,96.3,99,99,76.08333333333333,1826,899,899,899,21576,0.0,0.0,0.0,0.0,0.0,0.0,0.0,0.0
312,7488,11/09,71.06,71.06,64.82000000000002,1555.6800000000005,5.5,5.5,5.204166666666667,124.9,99,99,80.125,1923,899,899,899,21576,0.0,0.0,0.0,0.0,0.0,0.0,0.0,0.0
313,7512,11/10,78.25999999999999,78.25999999999999,66.9575,1606.9799999999998,8.3,8.3,4.029166666666666,96.69999999999997,94,94,67.79166666666667,1627,899,899,899,21576,0.0,0.0,0.0,0.0,0.0,0.0,0.0,0.0
314,7536,11/11,80.06,80.06,67.31,1615.44,9.9,9.9,3.9833333333333325,95.59999999999998,100,100,69.79166666666667,1675,899,899,899,21576,0.0,0.0,0.0,0.0,0.0,0.0,0.0,0.0
315,7560,11/12,76.46000000000001,76.46000000000001,66.40999999999998,1593.8399999999997,9.9,9.9,5.129166666666667,123.10000000000001,94,94,76.91666666666667,1846,899,899,899,21576,0.0,0.0,0.0,0.0,0.0,0.0,0.0,0.0
316,7584,11/13,77.9,77.9,67.50500000000001,1620.1200000000003,6.7,6.7,4.270833333333335,102.50000000000003,97,97,73.04166666666667,1753,899,899,899,21576,0.0,0.0,0.0,0.0,0.0,0.0,0.0,0.0
317,7608,11/14,72.5,72.5,64.1975,1540.7400000000002,8.3,8.3,4.758333333333334,114.2,98,98,83.29166666666667,1999,899,899,899,21576,0.0,0.0,0.0,0.0,0.0,0.0,0.0,0.0
318,7632,11/15,72.14,72.14,64.70750000000001,1552.9800000000002,9.4,9.4,6.233333333333333,149.6,99,99,77.20833333333333,1853,899,899,899,21576,0.0,0.0,0.0,0.0,0.0,0.0,0.0,0.0
319,7656,11/16,74.66,74.66,64.6775,1552.2599999999998,8.8,8.8,5.779166666666666,138.7,99,99,83.375,2001,899,899,899,21576,0.0,0.0,0.0,0.0,0.0,0.0,0.0,0.0
320,7680,11/17,69.98,69.98,63.98750000000002,1535.7000000000005,8.3,8.3,4.041666666666667,97.0,98,98,89.41666666666667,2146,899,899,899,21576,0.0,0.0,0.0,0.0,0.0,0.0,0.0,0.0
321,7704,11/18,76.46000000000001,76.46000000000001,65.645,1575.48,6.7,6.7,3.108333333333334,74.60000000000001,99,99,80.5,1932,899,899,899,21576,0.0,0.0,0.0,0.0,0.0,0.0,0.0,0.0
322,7728,11/19,76.46000000000001,76.46000000000001,66.3125,1591.5,6.7,6.7,2.8208333333333333,67.7,97,97,76.29166666666667,1831,899,899,899,21576,0.0,0.0,0.0,0.0,0.0,0.0,0.0,0.0
323,7752,11/20,77.36,77.36,70.99250000000002,1703.8200000000004,8.2,8.2,5.6625000000000005,135.9,96,96,68.58333333333333,1646,899,899,899,21576,0.0,0.0,0.0,0.0,0.0,0.0,0.0,0.0
324,7776,11/21,70.88,70.88,62.88499999999999,1509.2399999999998,5.5,5.5,3.4375,82.5,100,100,91.41666666666667,2194,899,899,899,21576,0.0,0.0,0.0,0.0,0.0,0.0,0.0,0.0
325,7800,11/22,72.32,72.32,64.115,1538.7599999999998,5.5,5.5,2.766666666666666,66.39999999999999,97,97,84.25,2022,899,899,899,21576,0.0,0.0,0.0,0.0,0.0,0.0,0.0,0.0
326,7824,11/23,69.25999999999999,69.25999999999999,64.9175,1558.02,7.8,7.8,4.2875000000000005,102.90000000000002,97,97,84.79166666666667,2035,899,899,899,21576,0.0,0.0,0.0,0.0,0.0,0.0,0.0,0.0
327,7848,11/24,73.75999999999999,73.75999999999999,65.8625,1580.7,6.7,6.7,4.3125,103.5,99,99,81.625,1959,899,899,899,21576,0.0,0.0,0.0,0.0,0.0,0.0,0.0,0.0
328,7872,11/25,75.56,75.56,65.9225,1582.14,5.5,5.5,3.545833333333334,85.10000000000001,99,99,80.875,1941,899,899,899,21576,0.0,0.0,0.0,0.0,0.0,0.0,0.0,0.0
329,7896,11/26,73.75999999999999,73.75999999999999,65.71249999999999,1577.1,6.7,6.7,3.5208333333333335,84.5,99,99,79.58333333333333,1910,899,899,899,21576,0.0,0.0,0.0,0.0,0.0,0.0,0.0,0.0
330,7920,11/27,71.06,71.06,63.36499999999999,1520.7599999999998,8.3,8.3,4.6125,110.69999999999999,99,99,87.875,2109,899,899,899,21576,0.0,0.0,0.0,0.0,0.0,0.0,0.0,0.0
331,7944,11/28,73.4,73.4,64.4225,1546.1399999999999,15.6,15.6,6.175,148.2,99,99,82.125,1971,899,899,899,21576,0.0,0.0,0.0,0.0,0.0,0.0,0.0,0.0
332,7968,11/29,69.62,69.62,63.4475,1522.74,16.1,16.1,8.808333333333332,211.39999999999995,97,97,88.79166666666667,2131,899,899,899,21576,0.0,0.0,0.0,0.0,0.0,0.0,0.0,0.0
333,7992,11/30,69.44,69.44,63.51500000000001,1524.3600000000001,28.4,28.4,8.720833333333333,209.29999999999998,98,98,91.0,2184,899,899,899,21576,0.0,0.0,0.0,0.0,0.0,0.0,0.0,0.0
334,8016,12/01,76.64,76.64,68.0,1632.0,10.7,10.7,6.574999999999999,157.79999999999998,99,99,74.0,1776,899,899,899,21576,0.0,0.0,0.0,0.0,0.0,0.0,0.0,0.0
335,8040,12/02,71.24000000000001,71.24000000000001,64.07749999999999,1537.8599999999997,6.4,6.4,3.3666666666666667,80.8,99,99,82.0,1968,899,899,899,21576,0.0,0.0,0.0,0.0,0.0,0.0,0.0,0.0
336,8064,12/03,73.03999999999999,73.03999999999999,64.56500000000001,1549.5600000000002,10.2,10.2,6.054166666666666,145.29999999999998,92,92,72.625,1743,899,899,899,21576,0.0,0.0,0.0,0.0,0.0,0.0,0.0,0.0
337,8088,12/04,74.84,74.84,65.1275,1563.06,8.5,8.5,6.329166666666667,151.9,93,93,74.125,1779,899,899,899,21576,0.0,0.0,0.0,0.0,0.0,0.0,0.0,0.0
338,8112,12/05,74.84,74.84,65.8625,1580.7,11.7,11.7,7.133333333333333,171.2,91,91,72.125,1731,899,899,899,21576,0.0,0.0,0.0,0.0,0.0,0.0,0.0,0.0
339,8136,12/06,76.64,76.64,64.99249999999999,1559.82,8.5,8.5,5.774999999999999,138.59999999999997,100,100,74.375,1785,899,899,899,21576,0.0,0.0,0.0,0.0,0.0,0.0,0.0,0.0
340,8160,12/07,78.44,78.44,64.8275,1555.86,9.6,9.6,6.1375,147.3,99,99,69.70833333333333,1673,899,899,899,21576,0.0,0.0,0.0,0.0,0.0,0.0,0.0,0.0
341,8184,12/08,73.03999999999999,73.03999999999999,63.965,1535.16,9.6,9.6,5.129166666666666,123.1,93,93,71.54166666666667,1717,899,899,899,21576,0.0,0.0,0.0,0.0,0.0,0.0,0.0,0.0
342,8208,12/09,74.84,74.84,65.99,1583.76,10.7,10.7,6.220833333333332,149.29999999999998,99,99,72.70833333333333,1745,899,899,899,21576,0.0,0.0,0.0,0.0,0.0,0.0,0.0,0.0
343,8232,12/10,76.64,76.64,65.87750000000001,1581.0600000000002,7.4,7.4,5.858333333333333,140.6,99,99,74.58333333333333,1790,899,899,899,21576,0.0,0.0,0.0,0.0,0.0,0.0,0.0,0.0
344,8256,12/11,76.64,76.64,66.44,1594.56,9.6,9.6,5.791666666666665,138.99999999999997,99,99,70.29166666666667,1687,899,899,899,21576,0.0,0.0,0.0,0.0,0.0,0.0,0.0,0.0
345,8280,12/12,74.84,74.84,65.015,1560.36,11.7,11.7,7.170833333333333,172.1,100,100,74.83333333333333,1796,899,899,899,21576,0.0,0.0,0.0,0.0,0.0,0.0,0.0,0.0
346,8304,12/13,69.44,69.44,62.4125,1497.9,8.0,8.0,5.604166666666667,134.5,97,97,83.0,1992,899,899,899,21576,0.0,0.0,0.0,0.0,0.0,0.0,0.0,0.0
347,8328,12/14,67.64,67.64,61.677500000000016,1480.2600000000004,13.4,13.4,8.483333333333333,203.6,99,99,89.91666666666667,2158,899,899,899,21576,0.0,0.0,0.0,0.0,0.0,0.0,0.0,0.0
348,8352,12/15,71.24000000000001,71.24000000000001,62.95250000000001,1510.8600000000001,9.6,9.6,5.4624999999999995,131.1,99,99,79.375,1905,899,899,899,21576,0.0,0.0,0.0,0.0,0.0,0.0,0.0,0.0
349,8376,12/16,74.84,74.84,64.49000000000001,1547.7600000000002,9.6,9.6,4.5,108.0,93,93,73.375,1761,899,899,899,21576,0.0,0.0,0.0,0.0,0.0,0.0,0.0,0.0
350,8400,12/17,83.84,83.84,66.515,1596.3600000000001,9.1,9.1,5.7250000000000005,137.4,99,99,81.125,1947,899,899,899,21576,0.0,0.0,0.0,0.0,0.0,0.0,0.0,0.0
351,8424,12/18,71.24000000000001,71.24000000000001,63.890000000000015,1533.3600000000004,9.1,9.1,5.512499999999999,132.29999999999998,99,99,83.79166666666667,2011,899,899,899,21576,0.0,0.0,0.0,0.0,0.0,0.0,0.0,0.0
352,8448,12/19,74.84,74.84,65.315,1567.56,10.7,10.7,5.537499999999999,132.89999999999998,99,99,81.79166666666667,1963,899,899,899,21576,0.0,0.0,0.0,0.0,0.0,0.0,0.0,0.0
353,8472,12/20,76.64,76.64,67.115,1610.76,10.7,10.7,6.125,147.0,99,99,76.04166666666667,1825,899,899,899,21576,0.0,0.0,0.0,0.0,0.0,0.0,0.0,0.0
354,8496,12/21,74.84,74.84,65.39,1569.3600000000001,10.7,10.7,6.150000000000001,147.60000000000002,99,99,78.125,1875,899,899,899,21576,0.0,0.0,0.0,0.0,0.0,0.0,0.0,0.0
355,8520,12/22,71.24000000000001,71.24000000000001,64.79,1554.96,11.7,11.7,7.383333333333333,177.2,99,99,81.70833333333333,1961,899,899,899,21576,0.0,0.0,0.0,0.0,0.0,0.0,0.0,0.0
356,8544,12/23,73.03999999999999,73.03999999999999,63.965,1535.16,9.6,9.6,5.670833333333332,136.09999999999997,99,99,78.08333333333333,1874,899,899,899,21576,0.0,0.0,0.0,0.0,0.0,0.0,0.0,0.0
357,8568,12/24,74.84,74.84,64.49000000000001,1547.7600000000002,12.9,12.9,5.554166666666667,133.3,99,99,82.83333333333333,1988,899,899,899,21576,0.0,0.0,0.0,0.0,0.0,0.0,0.0,0.0
358,8592,12/25,74.84,74.84,66.29,1590.96,10.7,10.7,7.6625000000000005,183.9,99,99,76.58333333333333,1838,899,899,899,21576,0.0,0.0,0.0,0.0,0.0,0.0,0.0,0.0
359,8616,12/26,65.84,65.84,62.690000000000005,1504.5600000000002,29.9,29.9,7.004166666666667,168.10000000000002,99,99,89.83333333333333,2156,899,899,899,21576,0.0,0.0,0.0,0.0,0.0,0.0,0.0,0.0
360,8640,12/27,76.64,76.64,65.465,1571.16,21.2,21.2,7.008333333333332,168.19999999999996,96,96,73.04166666666667,1753,899,899,899,21576,0.0,0.0,0.0,0.0,0.0,0.0,0.0,0.0
361,8664,12/28,76.64,76.64,66.965,1607.16,10.7,10.7,5.4375,130.5,93,93,66.0,1584,899,899,899,21576,0.0,0.0,0.0,0.0,0.0,0.0,0.0,0.0
362,8688,12/29,78.44,78.44,67.94,1630.56,8.0,8.0,4.425,106.2,87,87,63.708333333333336,1529,899,899,899,21576,0.0,0.0,0.0,0.0,0.0,0.0,0.0,0.0
363,8712,12/30,76.64,76.64,68.27749999999999,1638.6599999999999,9.6,9.6,3.5125000000000006,84.30000000000001,92,92,66.83333333333333,1604,899,899,899,21576,0.0,0.0,0.0,0.0,0.0,0.0,0.0,0.0
364,8736,12/31,80.24000000000001,80.24000000000001,66.665,1599.9600000000003,6.4,6.4,3.024999999999999,72.59999999999998,93,93,75.95833333333333,1823,899,899,899,21576,0.0,0.0,0.0,0.0,0.0,0.0,0.0,0.0
